<?xml version="1.0" encoding="UTF-8"?>
<project name="module_fileexplorer" default="compile.module.fileexplorer">
  <dirname property="module.fileexplorer.basedir" file="${ant.file.module_fileexplorer}"/>
  
  <property name="module.jdk.home.fileexplorer" value="${project.jdk.home}"/>
  <property name="module.jdk.bin.fileexplorer" value="${project.jdk.bin}"/>
  <property name="module.jdk.classpath.fileexplorer" value="${project.jdk.classpath}"/>
  
  <property name="compiler.args.fileexplorer" value="-encoding UTF-8 -source 8 -target 8 ${compiler.args}"/>
  
  <property name="fileexplorer.output.dir" value="${module.fileexplorer.basedir}/out/production/FileExplorer"/>
  <property name="fileexplorer.testoutput.dir" value="${module.fileexplorer.basedir}/out/test/FileExplorer"/>
  
  <path id="fileexplorer.module.bootclasspath">
    <!-- Paths to be included in compilation bootclasspath -->
  </path>
  
  <path id="fileexplorer.module.production.classpath">
    <path refid="${module.jdk.classpath.fileexplorer}"/>
  </path>
  
  <path id="fileexplorer.runtime.production.module.classpath">
    <pathelement location="${fileexplorer.output.dir}"/>
  </path>
  
  <path id="fileexplorer.module.classpath">
    <path refid="${module.jdk.classpath.fileexplorer}"/>
    <pathelement location="${fileexplorer.output.dir}"/>
  </path>
  
  <path id="fileexplorer.runtime.module.classpath">
    <pathelement location="${fileexplorer.testoutput.dir}"/>
    <pathelement location="${fileexplorer.output.dir}"/>
  </path>
  
  
  <patternset id="excluded.from.module.fileexplorer">
    <patternset refid="ignored.files"/>
  </patternset>
  
  <patternset id="excluded.from.compilation.fileexplorer">
    <patternset refid="excluded.from.module.fileexplorer"/>
  </patternset>
  
  <path id="fileexplorer.module.sourcepath">
    <dirset dir="${module.fileexplorer.basedir}">
      <include name="src"/>
    </dirset>
  </path>
  
  
  <target name="compile.module.fileexplorer" depends="compile.module.fileexplorer.production,compile.module.fileexplorer.tests" description="Compile module FileExplorer"/>
  
  <target name="compile.module.fileexplorer.production" depends="register.custom.compilers" description="Compile module FileExplorer; production classes">
    <mkdir dir="${fileexplorer.output.dir}"/>
    <javac2 destdir="${fileexplorer.output.dir}" debug="${compiler.debug}" nowarn="${compiler.generate.no.warnings}" memorymaximumsize="${compiler.max.memory}" fork="true" executable="${module.jdk.bin.fileexplorer}/javac">
      <compilerarg line="${compiler.args.fileexplorer}"/>
      <bootclasspath refid="fileexplorer.module.bootclasspath"/>
      <classpath refid="fileexplorer.module.production.classpath"/>
      <src refid="fileexplorer.module.sourcepath"/>
      <patternset refid="excluded.from.compilation.fileexplorer"/>
    </javac2>
    
    <copy todir="${fileexplorer.output.dir}">
      <fileset dir="${module.fileexplorer.basedir}/src">
        <patternset refid="compiler.resources"/>
        <type type="file"/>
      </fileset>
    </copy>
  </target>
  
  <target name="compile.module.fileexplorer.tests" depends="register.custom.compilers,compile.module.fileexplorer.production" description="compile module FileExplorer; test classes" unless="skip.tests"/>
  
  <target name="clean.module.fileexplorer" description="cleanup module">
    <delete dir="${fileexplorer.output.dir}"/>
    <delete dir="${fileexplorer.testoutput.dir}"/>
  </target>
</project>